School Name,Borough,City,State,Zip Code,Latitude,Longitude,Student Enrollment,Percent White,Percent Black,Percent Hispanic,Percent Asian,Average Score (SAT Math),Average Score (SAT Reading),Average Score (SAT Writing),Percent Tested
"New Explorations into Science, Technology and Math High School",Manhattan,Manhattan,NY,10002,40.71873,-73.97943000000001,1735.0,28.6,13.3,18.0,38.5,657.0,601.0,601.0,91.0
Essex Street Academy,Manhattan,Manhattan,NY,10002,40.71687,-73.98953,358.0,11.7,38.5,41.3,5.9,395.0,411.0,387.0,78.9
Lower Manhattan Arts Academy,Manhattan,Manhattan,NY,10002,40.71687,-73.98953,383.0,3.1,28.2,56.9,8.6,418.0,428.0,415.0,65.1
High School for Dual Language and Asian Studies,Manhattan,Manhattan,NY,10002,40.71687,-73.98953,416.0,1.7,3.1,5.5,88.9,613.0,453.0,463.0,95.9
Henry Street School for International Studies,Manhattan,Manhattan,NY,10002,40.71376,-73.98526,255.0,3.9,24.4,56.6,13.2,410.0,406.0,381.0,59.7
Bard High School Early College,Manhattan,Manhattan,NY,10002,40.718959999999996,-73.97606999999999,545.0,45.3,17.2,18.7,17.1,634.0,641.0,639.0,70.8
Urban Assembly Academy of Government and Law,Manhattan,Manhattan,NY,10002,40.71687,-73.98953,329.0,2.7,41.9,49.2,5.8,389.0,395.0,381.0,80.8
Marta Valle High School,Manhattan,Manhattan,NY,10002,40.72057,-73.98567,363.0,2.5,39.9,51.2,5.8,438.0,413.0,394.0,35.6
University Neighborhood High School,Manhattan,Manhattan,NY,10002,40.71233,-73.9848,304.0,3.3,25.0,41.1,29.9,437.0,355.0,352.0,69.9
New Design High School,Manhattan,Manhattan,NY,10002,40.71687,-73.98953,441.0,3.9,30.8,56.9,5.9,381.0,396.0,372.0,73.7
Pace High School,Manhattan,Manhattan,NY,10002,40.716409999999996,-73.99268000000001,423.0,1.9,28.1,45.4,13.7,430.0,435.0,427.0,87.8
High School for Health Professions and Human Services,Manhattan,Manhattan,NY,10003,40.732490000000006,-73.98305,1664.0,7.3,18.9,50.9,22.4,452.0,445.0,430.0,86.9
High School for Language and Diplomacy,Manhattan,Manhattan,NY,10003,40.73552,-73.9876,437.0,5.7,20.4,40.3,31.1,446.0,433.0,411.0,70.2
International High School at Union Square,Manhattan,Manhattan,NY,10003,40.73552,-73.9876,353.0,9.9,14.2,45.3,30.6,403.0,330.0,316.0,53.2
Institute for Collaborative Education,Manhattan,Manhattan,NY,10003,40.732490000000006,-73.98305,482.0,56.5,14.1,14.9,5.8,501.0,550.0,541.0,78.6
Gramercy Arts High School,Manhattan,Manhattan,NY,10003,40.73552,-73.9876,530.0,5.8,42.5,44.2,3.6,446.0,459.0,455.0,79.6
Urban Assembly New York Harbor School,Manhattan,Manhattan,NY,10004,40.69079,-74.01975999999999,447.0,18.8,23.7,51.7,2.9,446.0,453.0,428.0,78.8
Richard R. Green High School of Teaching,Manhattan,Manhattan,NY,10004,40.70523,-74.01332,566.0,2.7,31.1,58.8,6.2,411.0,415.0,409.0,60.0
Millennium High School,Manhattan,Manhattan,NY,10004,40.70492,-74.01151,659.0,32.8,7.6,18.2,38.4,577.0,560.0,567.0,94.0
Urban Assembly School of Business for Young Women,Manhattan,Manhattan,NY,10004,40.70523,-74.01332,405.0,2.2,52.8,39.3,3.5,418.0,420.0,417.0,75.0
High School of Economics and Finance,Manhattan,Manhattan,NY,10006,40.70922,-74.01203000000001,796.0,7.2,22.9,47.1,21.7,469.0,442.0,447.0,66.8
Leadership and Public Service High School,Manhattan,Manhattan,NY,10006,40.70915,-74.01208000000001,699.0,4.4,27.9,61.9,3.9,390.0,396.0,392.0,54.9
East Side Community School,Manhattan,Manhattan,NY,10009,40.72978,-73.98304,666.0,8.3,22.1,57.9,9.4,454.0,428.0,445.0,85.2
Baruch College Campus High School,Manhattan,Manhattan,NY,10010,40.74405,-73.99148000000001,451.0,22.8,6.2,14.9,54.8,592.0,526.0,531.0,94.3
School of the Future High School,Manhattan,Manhattan,NY,10010,40.73895,-73.98541,713.0,35.9,11.7,30.4,14.4,534.0,533.0,522.0,89.9
Manhattan Village Academy,Manhattan,Manhattan,NY,10010,40.74149,-73.99145,415.0,7.2,9.6,67.2,7.2,522.0,479.0,510.0,98.8
NYC Lab School for Collaborative Studies,Manhattan,Manhattan,NY,10011,40.7421,-74.00206999999999,587.0,46.0,6.0,15.5,27.6,595.0,550.0,555.0,79.8
Hudson High School of Learning Technologies,Manhattan,Manhattan,NY,10011,40.74289,-74.00213000000001,483.0,3.3,29.2,59.4,6.4,378.0,407.0,388.0,71.8
Manhattan Business Academy,Manhattan,Manhattan,NY,10011,40.74289,-74.00213000000001,438.0,3.9,28.1,62.1,3.4,410.0,407.0,399.0,69.7
Landmark High School,Manhattan,Manhattan,NY,10011,40.74289,-74.00213000000001,355.0,1.7,24.2,68.5,3.7,386.0,386.0,386.0,30.6
High School of Fashion Industries,Manhattan,Manhattan,NY,10011,40.74511,-73.99591,1770.0,3.8,36.3,53.8,5.0,433.0,442.0,427.0,80.6
NYC Museum School,Manhattan,Manhattan,NY,10011,40.7421,-74.00206999999999,471.0,12.1,12.7,39.7,34.2,560.0,530.0,522.0,90.0
Chelsea Career and Technical Education High School,Manhattan,Manhattan,NY,10013,40.72435,-74.00476,439.0,3.2,28.9,57.4,8.2,439.0,418.0,400.0,80.4
NYC iSchool,Manhattan,Manhattan,NY,10013,40.72435,-74.00476,442.0,28.7,19.9,39.8,8.6,518.0,515.0,503.0,96.0
Manhattan Academy for Arts and Language,Manhattan,Manhattan,NY,10016,40.746109999999994,-73.98101,334.0,1.5,4.8,91.3,2.4,350.0,334.0,321.0,46.1
Unity Center for Urban Technologies,Manhattan,Manhattan,NY,10016,40.746109999999994,-73.98101,284.0,4.9,27.5,58.8,6.0,375.0,385.0,387.0,62.8
Business of Sports School,Manhattan,Manhattan,NY,10019,40.76336,-73.99051,449.0,1.6,35.4,59.5,2.2,395.0,386.0,371.0,67.5
Facing History School,Manhattan,Manhattan,NY,10019,40.765029999999996,-73.99252,406.0,2.2,27.3,67.5,1.7,366.0,356.0,371.0,57.3
High School of Hospitality Management,Manhattan,Manhattan,NY,10019,40.765029999999996,-73.99252,424.0,1.7,21.0,71.2,5.0,451.0,433.0,424.0,56.2
Urban Assembly School of Design and Construction,Manhattan,Manhattan,NY,10019,40.765029999999996,-73.99252,414.0,3.4,29.5,59.2,6.0,445.0,417.0,403.0,60.6
High School for Environmental Studies,Manhattan,Manhattan,NY,10019,40.767759999999996,-73.98751,1301.0,6.6,14.7,62.9,15.1,469.0,454.0,444.0,74.0
Art and Design High School,Manhattan,Manhattan,NY,10019,40.7654,-73.98177,1476.0,10.8,24.1,54.7,8.5,455.0,475.0,458.0,70.1
Manhattan Bridges High School,Manhattan,Manhattan,NY,10019,40.765029999999996,-73.99252,529.0,0.0,0.0,100.0,0.0,409.0,360.0,347.0,84.4
Urban Assembly Gateway School for Technology,Manhattan,Manhattan,NY,10019,40.76336,-73.99051,472.0,5.7,30.3,53.8,7.8,445.0,432.0,415.0,78.4
Food and Finance High School,Manhattan,Manhattan,NY,10019,40.765029999999996,-73.99252,427.0,3.0,39.6,52.2,4.7,428.0,435.0,421.0,52.0
Eleanor Roosevelt High School,Manhattan,Manhattan,NY,10021,40.77012,-73.95338000000001,541.0,61.4,4.4,10.9,20.1,641.0,617.0,631.0,86.0
"High School for Arts, Imagination, and Inquiry",Manhattan,Manhattan,NY,10023,40.7743,-73.98482,447.0,0.9,38.5,58.8,0.4,375.0,389.0,380.0,58.8
Urban Assembly School for Media Studies,Manhattan,Manhattan,NY,10023,40.7743,-73.98482,412.0,1.7,36.4,57.8,1.9,392.0,419.0,396.0,49.5
Beacon High School,Manhattan,Manhattan,NY,10023,40.77216,-73.9878,1285.0,51.8,13.7,23.8,8.9,583.0,586.0,595.0,82.8
Fiorello H. LaGuardia High School of Music and Art and Performing Arts,Manhattan,Manhattan,NY,10023,40.77367,-73.98527,2635.0,45.3,11.3,19.4,19.4,592.0,592.0,597.0,88.5
High School of Arts and Technology,Manhattan,Manhattan,NY,10023,40.7743,-73.98482,594.0,2.9,32.5,59.3,3.9,421.0,428.0,406.0,44.4
Manhattan / Hunter Science High School,Manhattan,Manhattan,NY,10023,40.7743,-73.98482,451.0,13.1,16.4,37.9,25.9,581.0,531.0,535.0,97.2
"High School for Law, Advocacy, and Community Justice",Manhattan,Manhattan,NY,10023,40.7743,-73.98482,510.0,2.2,42.0,52.7,2.4,415.0,417.0,402.0,60.5
Urban Assembly School for Green Careers,Manhattan,Manhattan,NY,10024,40.785740000000004,-73.97442,353.0,2.8,23.2,72.0,1.1,393.0,371.0,378.0,60.0
Frank McCourt High School,Manhattan,Manhattan,NY,10024,40.785740000000004,-73.97442,387.0,31.8,15.8,40.1,8.8,489.0,491.0,500.0,89.1
Global Learning Collaborative,Manhattan,Manhattan,NY,10024,40.785740000000004,-73.97442,496.0,5.4,25.0,66.3,2.4,406.0,407.0,413.0,59.4
Wadleigh Secondary School for the Performing and Visual Arts,Manhattan,Manhattan,NY,10026,40.802170000000004,-73.95401,445.0,1.0,52.0,44.2,1.8,381.0,401.0,392.0,52.6
Frederick Douglass Academy II Secondary School,Manhattan,Manhattan,NY,10026,40.802170000000004,-73.95401,411.0,1.9,67.8,26.3,2.2,390.0,384.0,373.0,63.8
Columbia Secondary School,Manhattan,Manhattan,NY,10027,40.81092,-73.95693,659.0,14.8,22.0,48.1,13.7,583.0,561.0,546.0,88.2
Academy for Social Action (College Board),Manhattan,Manhattan,NY,10027,40.81523,-73.9552,234.0,2.8,46.5,49.3,0.5,357.0,349.0,365.0,54.0
Urban Assembly School for the Performing Arts,Manhattan,Manhattan,NY,10027,40.81523,-73.9552,358.0,1.4,52.2,43.0,0.8,379.0,399.0,388.0,76.7
Heritage School,Manhattan,Manhattan,NY,10029,40.79188,-73.94659,322.0,1.9,32.3,63.7,1.2,385.0,380.0,370.0,56.8
Central Park East High School,Manhattan,Manhattan,NY,10029,40.79368,-73.94941999999999,466.0,3.9,24.5,63.3,7.3,483.0,468.0,439.0,97.9
Park East High School,Manhattan,Manhattan,NY,10029,40.79056,-73.94445,413.0,1.7,27.6,63.7,4.8,429.0,433.0,435.0,89.6
Young Women's Leadership School,Manhattan,Manhattan,NY,10029,40.79271,-73.9473,480.0,3.4,27.9,57.4,8.9,478.0,465.0,472.0,100.0
Manhattan Center for Science and Mathematics,Manhattan,Manhattan,NY,10029,40.79374,-73.93408000000001,1603.0,4.2,20.9,54.1,19.2,556.0,505.0,495.0,87.6
Mott Hall High School,Manhattan,Manhattan,NY,10030,40.81736,-73.94771,428.0,0.7,38.3,59.1,0.9,416.0,445.0,440.0,36.9
Thurgood Marshall Academy for Learning and Social Change,Manhattan,Manhattan,NY,10030,40.81536,-73.9439,561.0,0.8,77.6,19.6,1.3,402.0,394.0,400.0,84.7
"High School for Mathematics, Science, and Engineering at City College",Manhattan,Manhattan,NY,10031,40.82112,-73.94885,470.0,26.8,9.6,21.7,38.5,683.0,610.0,596.0,92.6
A. Philip Randolph Campus High School,Manhattan,Manhattan,NY,10031,40.81832,-73.95061,1354.0,1.7,32.0,59.7,4.9,459.0,453.0,447.0,74.0
Gregorio Luperon High School for Science and Mathematics,Manhattan,Manhattan,NY,10032,40.838029999999996,-73.93836999999999,504.0,0.0,0.0,100.0,0.0,383.0,355.0,352.0,71.0
Community Health Academy of the Heights,Manhattan,Manhattan,NY,10032,40.83356,-73.9418,629.0,2.7,4.9,91.8,0.0,387.0,389.0,385.0,55.3
Washington Heights Expeditionary Learning School,Manhattan,Manhattan,NY,10033,40.84888,-73.93081,705.0,0.5,3.8,94.8,0.3,443.0,423.0,434.0,87.0
Coalition School for Social Change,Manhattan,Manhattan,NY,10035,40.79887,-73.93337,283.0,3.5,41.0,50.2,4.2,344.0,368.0,367.0,40.5
Repertory Company High School for Theatre Arts,Manhattan,Manhattan,NY,10036,40.75594,-73.98456999999999,246.0,8.5,37.4,50.4,1.6,425.0,451.0,458.0,89.5
Professional Performing Arts High School,Manhattan,Manhattan,NY,10036,40.76143,-73.98801999999999,536.0,42.9,26.2,22.3,2.5,496.0,520.0,516.0,72.2
Jacqueline Kennedy Onassis High School,Manhattan,Manhattan,NY,10036,40.75776,-73.98319000000001,676.0,3.6,21.3,70.1,4.0,418.0,422.0,415.0,53.8
Murry Bergtraum High School for Business Careers,Manhattan,Manhattan,NY,10038,40.710679999999996,-74.00081,971.0,3.0,46.1,40.7,8.9,418.0,415.0,398.0,44.3
Frederick Douglass Academy,Manhattan,Manhattan,NY,10039,40.82431,-73.93698,1428.0,1.4,70.4,23.2,1.7,463.0,452.0,450.0,65.1
High School for Media and Communications,Manhattan,Manhattan,NY,10040,40.855940000000004,-73.92703,479.0,1.3,13.8,82.5,1.9,378.0,381.0,383.0,33.0
College Academy,Manhattan,Manhattan,NY,10040,40.855940000000004,-73.92703,491.0,0.6,9.0,89.2,0.2,367.0,377.0,363.0,41.9
High School for Law and Public Service,Manhattan,Manhattan,NY,10040,40.855940000000004,-73.92703,671.0,1.6,16.8,80.8,0.4,401.0,394.0,381.0,44.1
City College Academy of the Arts,Manhattan,Manhattan,NY,10040,40.86111,-73.93045,587.0,1.2,3.8,94.1,0.9,495.0,445.0,450.0,95.3
High School for Health Careers and Sciences,Manhattan,Manhattan,NY,10040,40.855940000000004,-73.92703,605.0,1.5,15.9,79.8,1.3,374.0,385.0,389.0,56.2
Manhattan International High School,Manhattan,Manhattan,NY,10065,40.76545,-73.96021,343.0,12.2,16.6,41.1,29.4,438.0,358.0,382.0,58.6
Talent Unlimited High School,Manhattan,Manhattan,NY,10065,40.76545,-73.96021,506.0,20.4,33.4,39.9,4.9,485.0,498.0,496.0,89.3
Vanguard High School,Manhattan,Manhattan,NY,10065,40.76545,-73.96021,486.0,4.7,27.4,57.0,7.6,431.0,409.0,396.0,63.8
Life Sciences Secondary School,Manhattan,Manhattan,NY,10128,40.783640000000005,-73.94574,697.0,3.2,28.3,62.2,4.3,435.0,440.0,425.0,63.0
Stuyvesant High School,Manhattan,Manhattan,NY,10282,40.71775,-74.01405,3296.0,20.4,0.8,2.6,73.4,754.0,697.0,693.0,97.4
Ralph R. McKee Career and Technical Education High School,Staten Island,Staten Island,NY,10301,40.64274,-74.07871,624.0,19.7,30.8,42.5,4.8,420.0,429.0,409.0,38.0
Michael J. Petrides School,Staten Island,Staten Island,NY,10301,40.60745,-74.10148000000001,1327.0,49.8,22.3,20.2,6.9,483.0,473.0,470.0,79.2
Curtis High School,Staten Island,Staten Island,NY,10301,40.644740000000006,-74.08134,2499.0,17.7,38.4,36.0,7.1,453.0,458.0,444.0,64.2
Port Richmond High School,Staten Island,Staten Island,NY,10302,40.63384,-74.14211,1628.0,21.7,27.9,42.8,7.0,432.0,427.0,425.0,44.6
Staten Island Technical High School,Staten Island,Staten Island,NY,10306,40.56791,-74.11536,1247.0,52.2,1.0,5.2,41.1,711.0,660.0,670.0,99.7
New Dorp High School,Staten Island,Staten Island,NY,10306,40.569179999999996,-74.1073,2791.0,51.8,12.1,27.8,7.5,454.0,446.0,444.0,63.7
Tottenville High School,Staten Island,Staten Island,NY,10312,40.52823,-74.19215,3982.0,79.9,1.8,11.8,5.1,494.0,476.0,476.0,78.9
Susan E. Wagner High School,Staten Island,Staten Island,NY,10314,40.59865,-74.1231,3363.0,47.7,10.9,27.0,13.4,496.0,490.0,487.0,66.3
Gaynor McCown Expeditionary Learning School,Staten Island,Staten Island,NY,10314,40.58202,-74.15785,479.0,61.6,13.8,19.0,3.3,442.0,458.0,454.0,55.8
CSI High School for International Studies,Staten Island,Staten Island,NY,10314,40.58202,-74.15785,520.0,55.6,8.8,19.8,11.2,477.0,468.0,464.0,83.5
New Explorers High School,Bronx,Bronx,NY,10451,40.82278,-73.92352,475.0,0.4,31.4,67.6,0.4,390.0,398.0,376.0,30.4
"Bronx School for Law, Government, and Justice",Bronx,Bronx,NY,10451,40.82759,-73.91866999999999,778.0,1.0,23.1,72.0,2.2,403.0,409.0,415.0,63.8
Urban Assembly School for Careers in Sports,Bronx,Bronx,NY,10451,40.82278,-73.92352,587.0,1.4,28.6,69.5,0.2,402.0,405.0,395.0,55.5
Bronx Leadership Academy II High School,Bronx,Bronx,NY,10451,40.82278,-73.92352,495.0,0.8,32.3,63.4,2.2,384.0,355.0,361.0,61.3
Urban Assembly Bronx Academy of Letters,Bronx,Bronx,NY,10451,40.813359999999996,-73.92554,591.0,1.5,30.4,66.9,0.9,398.0,400.0,405.0,57.8
Health Opportunities High School,Bronx,Bronx,NY,10451,40.81608,-73.93032,554.0,1.8,36.1,57.9,3.1,374.0,386.0,382.0,57.9
Community School for Social Justice,Bronx,Bronx,NY,10451,40.81608,-73.93032,324.0,1.2,29.6,67.3,1.5,380.0,382.0,362.0,38.4
Alfred E. Smith Career and Technical Education High School,Bronx,Bronx,NY,10451,40.81825,-73.91974,375.0,0.8,29.1,68.3,1.1,390.0,373.0,371.0,29.8
Academy for Language and Technology,Bronx,Bronx,NY,10453,40.8491,-73.91609,322.0,0.0,0.3,99.7,0.0,371.0,334.0,348.0,78.9
South Bronx Preparatory (College Board),Bronx,Bronx,NY,10454,40.814009999999996,-73.92084,654.0,1.4,25.2,70.3,1.7,419.0,414.0,394.0,76.9
International Community High School,Bronx,Bronx,NY,10454,40.81004,-73.91781,463.0,1.3,14.0,76.7,6.5,345.0,338.0,312.0,58.2
Hostos-Lincoln Academy of Science,Bronx,Bronx,NY,10455,40.81496,-73.91252,544.0,1.5,22.5,69.9,3.8,463.0,451.0,435.0,80.0
University Heights Secondary School,Bronx,Bronx,NY,10455,40.81817,-73.91109,486.0,1.6,30.0,64.6,3.1,420.0,446.0,424.0,87.8
Mott Haven Village Preparatory High School,Bronx,Bronx,NY,10455,40.81817,-73.91109,364.0,0.5,25.3,73.6,0.3,377.0,373.0,369.0,44.9
High School for Violin and Dance,Bronx,Bronx,NY,10456,40.8276,-73.90448,384.0,0.3,34.1,64.6,0.5,363.0,401.0,396.0,31.3
Bronx International High School,Bronx,Bronx,NY,10456,40.8276,-73.90448,409.0,1.7,20.0,74.1,3.4,355.0,330.0,320.0,59.1
Bronx Career and College Preparatory High School,Bronx,Bronx,NY,10456,40.82776,-73.90039,333.0,0.6,40.5,56.8,0.9,370.0,379.0,381.0,40.7
Bronx Center for Science and Mathematics,Bronx,Bronx,NY,10456,40.83374,-73.90245,457.0,1.5,25.4,65.9,6.3,513.0,468.0,485.0,73.9
Bronx Early College Academy for Teaching and Learning,Bronx,Bronx,NY,10456,40.82871,-73.91776,503.0,0.4,28.7,67.4,3.6,424.0,413.0,409.0,93.3
Eximius College Preparatory Academy (College Board),Bronx,Bronx,NY,10456,40.83374,-73.90245,449.0,0.7,45.2,52.1,1.1,400.0,391.0,397.0,78.2
Bronx Latin,Bronx,Bronx,NY,10456,40.82776,-73.90039,546.0,0.0,21.2,77.1,1.7,394.0,381.0,363.0,81.0
School for Excellence,Bronx,Bronx,NY,10456,40.8276,-73.90448,421.0,1.0,26.6,70.8,0.7,377.0,385.0,383.0,38.4
Morris Academy for Collaborative Studies,Bronx,Bronx,NY,10456,40.8276,-73.90448,471.0,0.4,26.3,72.0,0.8,407.0,389.0,386.0,44.8
Frederick Douglass Academy III Secondary School,Bronx,Bronx,NY,10456,40.83417,-73.90403,427.0,2.3,50.4,45.4,0.7,387.0,386.0,386.0,50.5
Urban Assembly School for Applied Math and Science,Bronx,Bronx,NY,10457,40.83933,-73.90131,619.0,1.1,33.0,64.1,1.4,445.0,418.0,422.0,87.8
Bronx Collegiate Academy,Bronx,Bronx,NY,10457,40.84037,-73.91084000000001,382.0,0.3,28.5,69.1,1.0,395.0,401.0,382.0,45.5
Mott Hall Bronx High School,Bronx,Bronx,NY,10457,40.83933,-73.90131,402.0,1.2,20.1,75.6,1.2,417.0,399.0,398.0,46.2
Bronx Leadership Academy High School,Bronx,Bronx,NY,10457,40.843579999999996,-73.90321999999999,686.0,0.6,35.7,61.7,0.4,375.0,372.0,374.0,49.1
Validus Preparatory Academy: An Expeditionary Learning School,Bronx,Bronx,NY,10457,40.83933,-73.90131,375.0,0.8,26.9,70.7,1.6,382.0,375.0,384.0,59.2
Bronx High School for Medical Science,Bronx,Bronx,NY,10457,40.84037,-73.91084000000001,472.0,0.7,36.7,53.4,7.1,431.0,421.0,426.0,83.9
Eagle Academy for Young Men,Bronx,Bronx,NY,10457,40.84519,-73.89698,608.0,0.5,60.7,36.0,0.3,398.0,410.0,397.0,65.7
Bronx High School of Business,Bronx,Bronx,NY,10457,40.84037,-73.91084000000001,339.0,1.2,33.3,63.1,1.5,365.0,360.0,346.0,33.3
DreamYard Preparatory School,Bronx,Bronx,NY,10457,40.84037,-73.91084000000001,336.0,1.2,33.6,60.7,1.5,385.0,385.0,388.0,51.1
Theatre Arts Production Company School,Bronx,Bronx,NY,10457,40.85465,-73.89665,632.0,0.7,29.2,66.6,1.2,402.0,421.0,410.0,77.7
West Bronx Academy for the Future,Bronx,Bronx,NY,10458,40.860009999999996,-73.88823000000001,599.0,3.0,21.1,72.0,2.7,404.0,383.0,378.0,57.3
Bronx High School for Law and Community Service,Bronx,Bronx,NY,10458,40.860009999999996,-73.88823000000001,398.0,1.8,24.4,70.9,1.3,401.0,402.0,386.0,64.8
Belmont Preparatory High School,Bronx,Bronx,NY,10458,40.860009999999996,-73.88823000000001,416.0,1.9,30.0,65.6,2.2,413.0,408.0,402.0,55.3
Fordham High School for the Arts,Bronx,Bronx,NY,10458,40.860009999999996,-73.88823000000001,401.0,2.5,30.9,65.1,1.0,398.0,404.0,412.0,56.2
Knowledge and Power Preparatory Academy International High School (KAPPA),Bronx,Bronx,NY,10458,40.860009999999996,-73.88823000000001,487.0,2.1,32.2,61.4,2.5,408.0,417.0,404.0,66.7
Fordham Leadership Academy for Business and Technology,Bronx,Bronx,NY,10458,40.860009999999996,-73.88823000000001,438.0,2.7,27.6,67.8,1.8,355.0,373.0,368.0,44.3
Metropolitan High School,Bronx,Bronx,NY,10459,40.82523,-73.89395,326.0,0.3,21.5,74.8,0.9,387.0,388.0,386.0,65.9
Holcombe L. Rucker School of Community Research,Bronx,Bronx,NY,10459,40.817440000000005,-73.89805,236.0,0.4,43.2,54.7,0.4,376.0,372.0,369.0,59.0
Banana Kelly High School,Bronx,Bronx,NY,10459,40.817440000000005,-73.89805,325.0,1.2,37.2,60.6,0.0,378.0,391.0,378.0,25.7
Bronx Studio School for Writers and Artists,Bronx,Bronx,NY,10459,40.82062,-73.89307,565.0,0.6,20.3,76.9,1.2,417.0,412.0,403.0,71.6
Peace and Diversity Academy,Bronx,Bronx,NY,10459,40.82523,-73.89395,170.0,1.8,44.1,52.4,0.6,366.0,362.0,365.0,27.1
East Bronx Academy for the Future,Bronx,Bronx,NY,10460,40.83695,-73.88795999999999,618.0,0.5,25.4,71.0,3.0,418.0,406.0,408.0,41.1
Bronx Envision Academy,Bronx,Bronx,NY,10460,40.83594,-73.89047,355.0,2.0,34.4,60.3,2.0,364.0,385.0,366.0,76.5
Fannie Lou Hamer Freedom High School,Bronx,Bronx,NY,10460,40.83081,-73.88602,470.0,0.2,28.5,70.4,0.4,345.0,347.0,339.0,75.0
Explorations Academy,Bronx,Bronx,NY,10460,40.83594,-73.89047,358.0,2.0,27.1,69.8,0.8,377.0,372.0,365.0,43.0
Urban Assembly School for Wildlife Conservation,Bronx,Bronx,NY,10460,40.84404,-73.88469,571.0,2.2,25.3,69.4,2.2,393.0,397.0,379.0,71.1
Wings Academy,Bronx,Bronx,NY,10460,40.841809999999995,-73.87541999999999,501.0,1.2,58.5,37.9,0.8,379.0,372.0,373.0,49.2
Renaissance High School for Musical Theater and Technology,Bronx,Bronx,NY,10461,40.840509999999995,-73.83811999999999,444.0,7.2,27.9,61.0,3.2,390.0,411.0,393.0,52.3
Herbert H. Lehman High School,Bronx,Bronx,NY,10461,40.840509999999995,-73.83811999999999,1535.0,10.6,23.6,54.9,9.2,426.0,419.0,407.0,28.9
Bronx High School for the Visual Arts,Bronx,Bronx,NY,10462,40.85143,-73.86502,483.0,6.8,27.3,61.5,3.7,408.0,428.0,404.0,32.5
In-Tech Academy,Bronx,Bronx,NY,10463,40.88005,-73.90921,1022.0,3.4,10.8,82.8,2.8,426.0,419.0,404.0,85.9
Bronx School of Law and Finance,Bronx,Bronx,NY,10463,40.87705,-73.91234,426.0,2.6,30.3,64.8,2.1,384.0,394.0,366.0,48.3
Bronx Engineering and Technology Academy,Bronx,Bronx,NY,10463,40.87705,-73.91234,417.0,1.4,34.3,55.9,6.7,394.0,406.0,391.0,59.6
Bronx Theatre High School,Bronx,Bronx,NY,10463,40.87705,-73.91234,428.0,1.6,30.1,67.1,0.5,382.0,384.0,390.0,66.7
Marble Hill High School for International Studies,Bronx,Bronx,NY,10463,40.87705,-73.91234,449.0,5.1,24.5,61.0,8.9,451.0,417.0,423.0,92.9
"Marie Curie School for Medicine, Nursing, and Health Professions",Bronx,Bronx,NY,10463,40.87598,-73.90123,583.0,3.3,35.7,56.9,2.7,423.0,420.0,425.0,68.6
Riverdale/Kingsbridge Academy,Bronx,Bronx,NY,10463,40.88837,-73.91409,1381.0,23.7,12.3,55.7,7.7,496.0,485.0,476.0,69.4
New World High School,Bronx,Bronx,NY,10466,40.88792,-73.85287,408.0,7.6,9.3,66.2,13.7,407.0,363.0,358.0,93.0
Bronxwood Preparatory Academy,Bronx,Bronx,NY,10466,40.88792,-73.85287,423.0,3.8,61.9,28.8,3.3,392.0,408.0,392.0,43.3
Academy for Scholarship and Entrepreneurship (College Board),Bronx,Bronx,NY,10466,40.88792,-73.85287,371.0,1.1,63.6,30.5,3.2,392.0,408.0,400.0,63.4
High School for Contemporary Arts,Bronx,Bronx,NY,10467,40.87575,-73.86139,493.0,1.0,38.1,59.2,0.8,367.0,381.0,361.0,41.0
Bronx Aerospace High School,Bronx,Bronx,NY,10467,40.87575,-73.86139,431.0,2.1,29.2,64.5,2.3,403.0,410.0,393.0,50.5
Bronx Academy of Health Careers,Bronx,Bronx,NY,10467,40.87575,-73.86139,465.0,1.9,44.7,47.3,4.7,386.0,380.0,391.0,59.4
High School of Computers and Technology,Bronx,Bronx,NY,10467,40.87575,-73.86139,567.0,1.2,34.4,58.0,4.9,396.0,399.0,377.0,65.6
Bronx Lab School,Bronx,Bronx,NY,10467,40.87575,-73.86139,471.0,1.5,39.9,54.4,3.6,407.0,416.0,401.0,77.4
Bronx High School for Writing and Communication Arts,Bronx,Bronx,NY,10467,40.87575,-73.86139,389.0,1.3,45.0,49.1,3.3,380.0,437.0,425.0,38.1
High School for Teaching and the Professions,Bronx,Bronx,NY,10468,40.87038,-73.89816,486.0,2.7,20.4,74.5,1.9,372.0,361.0,369.0,46.5
Bronx High School of Science,Bronx,Bronx,NY,10468,40.87706,-73.88978,3015.0,22.1,2.6,5.5,62.8,714.0,660.0,667.0,97.0
Kingsbridge International High School,Bronx,Bronx,NY,10468,40.87038,-73.89816,461.0,2.0,5.2,85.9,6.5,366.0,311.0,310.0,50.7
Discovery High School,Bronx,Bronx,NY,10468,40.87038,-73.89816,530.0,2.3,17.4,77.2,2.5,432.0,396.0,395.0,39.9
Celia Cruz Bronx High School of Music,Bronx,Bronx,NY,10468,40.87038,-73.89816,430.0,1.2,25.3,70.0,1.4,417.0,434.0,425.0,75.6
High School of American Studies at Lehman College,Bronx,Bronx,NY,10468,40.87126,-73.89752,376.0,50.8,4.0,15.2,23.1,669.0,672.0,672.0,91.8
DeWitt Clinton High School,Bronx,Bronx,NY,10468,40.88008,-73.8859,2109.0,3.6,31.6,54.5,8.6,445.0,436.0,433.0,31.8
International School for Liberal Arts,Bronx,Bronx,NY,10468,40.87038,-73.89816,561.0,0.5,0.0,99.5,0.0,390.0,387.0,379.0,19.2
Astor Collegiate Academy,Bronx,Bronx,NY,10469,40.8597,-73.86074,476.0,10.5,33.4,47.9,6.5,422.0,417.0,409.0,57.9
Pelham Preparatory Academy,Bronx,Bronx,NY,10469,40.8597,-73.86074,489.0,6.5,35.6,48.9,5.5,420.0,433.0,425.0,77.0
High School of Language and Innovation,Bronx,Bronx,NY,10469,40.8597,-73.86074,354.0,11.0,11.9,57.6,16.7,356.0,340.0,320.0,72.7
Collegiate Institute for Math and Science,Bronx,Bronx,NY,10469,40.8597,-73.86074,687.0,9.5,33.8,43.5,11.6,488.0,461.0,458.0,79.8
Bronxdale High School,Bronx,Bronx,NY,10469,40.8597,-73.86074,427.0,9.4,28.8,57.1,3.0,418.0,432.0,436.0,72.5
Pan American International High School at Monroe,Bronx,Bronx,NY,10472,40.83137,-73.87881999999999,428.0,0.0,0.0,100.0,0.0,317.0,315.0,292.0,65.6
Cinema School,Bronx,Bronx,NY,10472,40.83136,-73.87834000000001,338.0,4.1,21.9,69.8,3.8,430.0,449.0,448.0,88.3
Monroe Academy for Visual Arts and Design,Bronx,Bronx,NY,10472,40.83137,-73.87881999999999,445.0,0.9,18.0,78.4,1.1,361.0,354.0,351.0,46.8
Mott Hall V,Bronx,Bronx,NY,10472,40.83136,-73.87834000000001,669.0,1.7,22.2,70.6,4.2,430.0,422.0,414.0,77.5
Metropolitan Soundview High School,Bronx,Bronx,NY,10472,40.83137,-73.87881999999999,416.0,1.7,26.2,67.3,2.6,444.0,428.0,422.0,52.0
High School of World Cultures,Bronx,Bronx,NY,10472,40.83137,-73.87881999999999,410.0,1.2,8.3,80.2,8.0,356.0,359.0,347.0,38.2
Millennium Art Academy,Bronx,Bronx,NY,10473,40.8223,-73.85596,487.0,1.8,30.0,65.1,2.3,396.0,413.0,395.0,39.2
Bronx Guild,Bronx,Bronx,NY,10473,40.8223,-73.85596,326.0,1.2,32.2,61.7,4.0,365.0,393.0,357.0,41.3
"Archimedes Academy for Math, Science, and Technology Applications",Bronx,Bronx,NY,10473,40.81492,-73.85656999999999,637.0,2.2,30.9,60.6,5.5,418.0,430.0,403.0,51.2
Pablo Neruda Academy,Bronx,Bronx,NY,10473,40.8223,-73.85596,315.0,1.3,26.0,67.6,4.4,394.0,384.0,383.0,44.2
Women's Academy of Excellence,Bronx,Bronx,NY,10473,40.81492,-73.85656999999999,345.0,2.6,50.1,41.2,3.5,386.0,390.0,389.0,45.2
Felisa Rincon de Gautier Institute for Law and Public Policy,Bronx,Bronx,NY,10473,40.82117,-73.88114,307.0,2.9,25.4,67.8,2.0,389.0,408.0,413.0,31.3
Antonia Pantoja Preparatory Academy (College Board),Bronx,Bronx,NY,10473,40.8223,-73.85596,450.0,1.3,26.2,65.4,6.3,435.0,415.0,423.0,44.9
Bronx Health Sciences High School,Bronx,Bronx,NY,10475,40.87413,-73.8338,374.0,2.7,51.9,34.5,7.5,407.0,421.0,427.0,87.1
Harry S. Truman High School,Bronx,Bronx,NY,10475,40.87413,-73.8338,2058.0,2.2,51.6,42.7,2.4,400.0,401.0,391.0,41.5
Queens Vocational and Technical High School,Queens,Long Island City,NY,11101,40.74219,-73.92824,1553.0,7.3,5.8,74.6,12.1,467.0,436.0,432.0,53.4
High School of Applied Communication,Queens,Long Island City,NY,11101,40.745090000000005,-73.93681,421.0,13.5,12.6,54.4,15.9,435.0,437.0,441.0,70.9
Middle College High School at LaGuardia Community College,Queens,Long Island City,NY,11101,40.74415,-73.93363000000001,514.0,7.0,4.7,79.6,8.4,377.0,389.0,377.0,48.7
Academy for Careers in Television and Film,Queens,Long Island City,NY,11101,40.74114,-73.94969,515.0,20.8,15.9,54.2,5.8,444.0,458.0,444.0,95.0
Aviation Career and Technical Education High School,Queens,Long Island City,NY,11101,40.743590000000005,-73.92908,2168.0,11.0,6.3,49.0,30.9,511.0,464.0,456.0,78.6
Academy of American Studies,Queens,Long Island City,NY,11101,40.7513,-73.93741999999999,874.0,28.3,7.3,34.3,29.3,495.0,482.0,479.0,84.8
Newcomers High School,Queens,Long Island City,NY,11101,40.75138,-73.93745,993.0,6.2,2.4,54.6,36.7,490.0,374.0,381.0,47.1
Bard High School Early College Queens,Queens,Long Island City,NY,11101,40.745090000000005,-73.93681,623.0,34.5,11.4,17.0,34.2,631.0,598.0,610.0,94.1
International High School at LaGuardia Community College,Queens,Long Island City,NY,11101,40.74415,-73.93363000000001,509.0,13.0,2.6,45.0,39.3,425.0,367.0,365.0,71.7
Information Technology High School,Queens,Long Island City,NY,11101,40.74792,-73.94657,970.0,9.4,14.9,56.3,18.2,443.0,420.0,411.0,58.8
Robert F. Wagner Jr. Secondary School for Arts and Technology,Queens,Long Island City,NY,11101,40.742259999999995,-73.93688,610.0,10.9,4.9,64.3,19.2,478.0,445.0,445.0,71.1
Academy of Finance and Enterprise,Queens,Long Island City,NY,11101,40.745090000000005,-73.93681,478.0,15.3,7.1,51.9,22.0,489.0,456.0,459.0,92.7
Young Women's Leadership School in Astoria,Queens,Astoria,NY,11102,40.77125,-73.9246,572.0,19.6,4.7,38.0,37.7,483.0,464.0,477.0,100.0
William Cullen Bryant High School,Queens,Astoria,NY,11103,40.75812,-73.91033,2496.0,16.1,5.6,48.7,28.4,466.0,424.0,426.0,56.9
Long Island City High School,Queens,Astoria,NY,11106,40.76576,-73.93273,2123.0,9.0,13.5,60.2,15.7,430.0,423.0,412.0,51.6
Frank Sinatra School of the Arts High School,Queens,Astoria,NY,11106,40.75653,-73.92514,808.0,38.7,13.6,33.4,10.5,536.0,543.0,543.0,89.5
Baccalaureate School for Global Education,Queens,Astoria,NY,11106,40.75517,-73.92681999999999,478.0,34.5,2.5,21.2,39.6,633.0,620.0,628.0,98.5
"Science Skills Center High School for Science, Technology, and the Creative Arts",Brooklyn,Brooklyn,NY,11201,40.69717,-73.98496,528.0,2.1,70.5,18.4,6.8,399.0,397.0,386.0,65.9
Brooklyn International High School,Brooklyn,Brooklyn,NY,11201,40.69717,-73.98496,345.0,13.9,17.7,26.7,41.7,432.0,334.0,333.0,92.7
School for International Studies,Brooklyn,Brooklyn,NY,11201,40.68545,-73.99349000000001,466.0,9.9,47.9,36.3,4.2,417.0,406.0,394.0,65.1
Brooklyn School for Global Studies,Brooklyn,Brooklyn,NY,11201,40.68545,-73.99349000000001,250.0,6.6,54.8,35.5,2.4,393.0,381.0,402.0,61.8
"City Polytechnic High School of Engineering, Architecture, and Technology",Brooklyn,Brooklyn,NY,11201,40.69494,-73.98604,458.0,3.5,69.7,19.7,6.6,503.0,477.0,427.0,18.5
Urban Assembly Institute of Math and Science for Young Women,Brooklyn,Brooklyn,NY,11201,40.69462,-73.98862,470.0,4.9,73.6,14.8,3.5,397.0,415.0,407.0,82.4
Urban Assembly School for Law and Justice,Brooklyn,Brooklyn,NY,11201,40.69462,-73.98862,448.0,0.9,71.4,21.9,2.0,446.0,443.0,430.0,87.6
Cobble Hill School of American Studies,Brooklyn,Brooklyn,NY,11201,40.68458,-73.99109,596.0,4.4,63.8,25.0,4.5,416.0,420.0,402.0,55.3
George Westinghouse Career and Technical Education High School,Brooklyn,Brooklyn,NY,11201,40.69494,-73.98604,634.0,2.1,74.4,19.7,2.5,394.0,422.0,400.0,45.3
Urban Assembly High School of Music and Art,Brooklyn,Brooklyn,NY,11201,40.69717,-73.98496,387.0,0.5,77.5,20.7,0.5,372.0,372.0,361.0,55.1
Cultural Academy for the Arts and Sciences,Brooklyn,Brooklyn,NY,11203,40.64866,-73.9219,353.0,0.6,90.4,8.5,0.6,382.0,395.0,384.0,57.3
Kurt Hahn Expeditionary Learning School,Brooklyn,Brooklyn,NY,11203,40.64866,-73.9219,341.0,0.3,91.2,6.7,1.2,378.0,394.0,388.0,72.6
School for Human Rights,Brooklyn,Brooklyn,NY,11203,40.65952,-73.94255,424.0,1.0,90.7,6.5,1.4,398.0,411.0,400.0,60.8
It Takes a Village Academy,Brooklyn,Brooklyn,NY,11203,40.64866,-73.9219,566.0,1.1,90.3,5.7,0.5,364.0,374.0,361.0,62.2
High School for Public Service: Heroes of Tomorrow,Brooklyn,Brooklyn,NY,11203,40.65952,-73.94255,454.0,1.1,75.8,17.4,5.3,468.0,454.0,464.0,95.4
Arts and Media Preparatory Academy,Brooklyn,Brooklyn,NY,11203,40.65846,-73.92903000000001,279.0,1.4,82.8,12.5,1.1,370.0,383.0,374.0,64.2
School for Democracy and Leadership,Brooklyn,Brooklyn,NY,11203,40.65952,-73.94255,319.0,2.3,87.6,7.4,0.8,386.0,385.0,390.0,53.5
Urban Assembly School for Criminal Justice,Brooklyn,Brooklyn,NY,11204,40.63491,-73.98151999999999,496.0,15.0,17.5,20.4,46.5,428.0,413.0,417.0,83.6
Franklin Delano Roosevelt High School,Brooklyn,Brooklyn,NY,11204,40.620259999999995,-73.98201,3220.0,18.6,11.5,29.3,40.1,504.0,411.0,407.0,54.0
"Brooklyn Community High School of Communication, Arts, and Media",Brooklyn,Brooklyn,NY,11205,40.69258,-73.95886999999999,404.0,0.7,78.5,17.8,1.2,358.0,386.0,380.0,51.7
Dr. Susan S. McKinney Secondary School of the Arts,Brooklyn,Brooklyn,NY,11205,40.69634,-73.97577,421.0,0.7,73.0,22.8,0.7,332.0,346.0,350.0,55.1
Benjamin Banneker Academy,Brooklyn,Brooklyn,NY,11205,40.69566,-73.96929,916.0,0.5,86.4,8.6,3.4,479.0,484.0,472.0,85.5
Juan Morel Campos Secondary School,Brooklyn,Brooklyn,NY,11206,40.70358,-73.95324000000001,692.0,2.5,13.6,82.7,0.3,366.0,356.0,353.0,56.3
Brooklyn Latin School,Brooklyn,Brooklyn,NY,11206,40.7099,-73.94366,676.0,13.5,19.4,14.5,36.1,625.0,588.0,591.0,97.5
Green School: An Academy for Environmental Careers,Brooklyn,Brooklyn,NY,11206,40.7099,-73.94366,276.0,1.4,38.0,59.1,0.7,384.0,398.0,399.0,41.1
Lyons Community School,Brooklyn,Brooklyn,NY,11206,40.7099,-73.94366,520.0,2.4,39.8,55.8,1.8,374.0,376.0,357.0,56.3
World Academy for Total Community Health High School,Brooklyn,Brooklyn,NY,11207,40.66755,-73.8948,284.0,1.4,75.7,19.0,2.5,380.0,389.0,384.0,40.9
FDNY High School for Fire and Life Safety,Brooklyn,Brooklyn,NY,11207,40.66755,-73.8948,324.0,1.9,71.6,24.4,1.2,365.0,369.0,357.0,47.7
W. H. Maxwell Career and Technical Education High School,Brooklyn,Brooklyn,NY,11207,40.67422,-73.89645,506.0,0.6,69.6,28.1,1.0,326.0,333.0,350.0,38.5
High School for Civil Rights,Brooklyn,Brooklyn,NY,11207,40.66755,-73.8948,319.0,1.9,74.0,22.9,0.3,391.0,373.0,376.0,26.4
Performing Arts and Technology High School,Brooklyn,Brooklyn,NY,11207,40.66755,-73.8948,406.0,0.5,80.8,18.2,0.2,375.0,393.0,394.0,39.8
East New York Family Academy,Brooklyn,Brooklyn,NY,11207,40.66064,-73.88634,479.0,0.4,67.6,29.5,2.2,464.0,451.0,421.0,66.7
Brooklyn Lab School,Brooklyn,Brooklyn,NY,11208,40.691140000000004,-73.86843,334.0,0.9,35.6,56.9,5.4,383.0,376.0,370.0,46.8
Multicultural High School,Brooklyn,Brooklyn,NY,11208,40.691140000000004,-73.86843,229.0,0.4,0.0,99.6,0.0,319.0,323.0,284.0,28.6
"School for Classics: An Academy of Thinkers, Writers, and Performers",Brooklyn,Brooklyn,NY,11208,40.67068,-73.87422,308.0,4.2,60.7,26.0,7.8,387.0,391.0,383.0,52.8
Transit Tech Career and Technical Education High School,Brooklyn,Brooklyn,NY,11208,40.67823,-73.87597,1093.0,1.3,63.6,27.2,6.1,387.0,387.0,384.0,37.2
Cypress Hills Collegiate Preparatory School,Brooklyn,Brooklyn,NY,11208,40.691140000000004,-73.86843,330.0,3.3,19.7,71.2,4.5,365.0,370.0,362.0,53.8
Academy for Young Writers,Brooklyn,Brooklyn,NY,11208,40.65752,-73.87478,547.0,1.2,73.1,21.9,1.5,382.0,413.0,391.0,81.2
Academy of Innovative Technology,Brooklyn,Brooklyn,NY,11208,40.691140000000004,-73.86843,413.0,1.2,45.5,45.5,5.3,395.0,376.0,359.0,57.4
Fort Hamilton High School,Brooklyn,Brooklyn,NY,11209,40.62791,-74.03995,4372.0,34.1,4.5,29.2,30.1,513.0,456.0,451.0,68.7
Midwood High School,Brooklyn,Brooklyn,NY,11210,40.633340000000004,-73.95291999999999,3787.0,23.3,29.8,12.5,33.7,550.0,514.0,516.0,85.7
PROGRESS High School for Professional Careers,Brooklyn,Brooklyn,NY,11211,40.71196,-73.94043,1098.0,0.8,35.1,62.6,1.0,380.0,377.0,384.0,44.9
"High School for Enterprise, Business, and Technology",Brooklyn,Brooklyn,NY,11211,40.71196,-73.94043,1001.0,2.5,36.1,56.9,4.0,463.0,446.0,425.0,54.5
Brooklyn Preparatory High School,Brooklyn,Brooklyn,NY,11211,40.71504,-73.95465,494.0,2.0,54.7,40.3,2.4,391.0,406.0,391.0,74.5
El Puente Academy for Peace and Justice,Brooklyn,Brooklyn,NY,11211,40.70577,-73.95573,245.0,1.2,11.8,85.3,0.0,344.0,380.0,379.0,62.5
School for Legal Studies,Brooklyn,Brooklyn,NY,11211,40.71196,-73.94043,598.0,1.3,45.8,50.0,1.0,393.0,390.0,394.0,34.8
Williamsburg Preparatory School,Brooklyn,Brooklyn,NY,11211,40.71504,-73.95465,682.0,10.0,16.4,69.6,2.6,443.0,440.0,430.0,87.8
Williamsburg High School for Architecture and Design,Brooklyn,Brooklyn,NY,11211,40.71504,-73.95465,595.0,4.2,31.6,60.0,2.4,415.0,424.0,407.0,60.1
Frederick Douglass Academy VII High School,Brooklyn,Brooklyn,NY,11212,40.66581,-73.9117,319.0,0.3,88.1,11.3,0.0,400.0,407.0,394.0,65.4
Teachers Preparatory High School,Brooklyn,Brooklyn,NY,11212,40.66581,-73.9117,390.0,0.6,83.0,15.7,0.3,394.0,399.0,412.0,56.6
Pathways in Technology Early College High School,Brooklyn,Brooklyn,NY,11213,40.6754,-73.93888000000001,438.0,0.7,85.6,9.1,3.0,446.0,442.0,410.0,69.4
Academy for Health Careers,Brooklyn,Brooklyn,NY,11213,40.6754,-73.93888000000001,373.0,0.8,85.5,8.8,1.6,406.0,405.0,396.0,48.1
Boys and Girls High School,Brooklyn,Brooklyn,NY,11213,40.679429999999996,-73.93243000000001,648.0,1.7,87.2,8.6,0.9,399.0,392.0,394.0,35.6
High School of Sports Management,Brooklyn,Brooklyn,NY,11214,40.59359,-73.98473,290.0,5.5,72.4,16.9,3.8,367.0,374.0,361.0,56.2
Brooklyn Studio Secondary School,Brooklyn,Brooklyn,NY,11214,40.60488,-73.99441999999999,901.0,53.3,5.1,25.0,16.2,458.0,434.0,434.0,67.8
International High School at Lafayette,Brooklyn,Brooklyn,NY,11214,40.59359,-73.98473,358.0,25.7,8.7,24.0,41.1,424.0,343.0,337.0,84.3
Expeditionary Learning School for Community Leaders,Brooklyn,Brooklyn,NY,11214,40.59359,-73.98473,271.0,23.2,17.3,42.1,15.5,420.0,396.0,396.0,75.0
New Utrecht High School,Brooklyn,Brooklyn,NY,11214,40.61342,-74.00365,3480.0,27.6,4.0,29.0,38.6,488.0,422.0,417.0,63.2
Life Academy High School for Film and Music,Brooklyn,Brooklyn,NY,11214,40.59359,-73.98473,271.0,13.7,51.7,26.6,7.4,369.0,379.0,378.0,70.2
Kingsborough Early College School,Brooklyn,Brooklyn,NY,11214,40.59359,-73.98473,564.0,42.5,25.7,24.3,6.6,474.0,462.0,449.0,65.8
Secondary School for Journalism,Brooklyn,Brooklyn,NY,11215,40.6696,-73.97926,285.0,6.3,46.7,37.5,7.4,408.0,435.0,415.0,58.8
Millennium Brooklyn High School,Brooklyn,Brooklyn,NY,11215,40.6696,-73.97926,566.0,31.1,26.0,27.2,9.5,553.0,551.0,539.0,79.6
Park Slope Collegiate,Brooklyn,Brooklyn,NY,11215,40.6696,-73.97926,423.0,3.6,46.4,36.5,7.9,405.0,377.0,395.0,59.6
Secondary School for Law,Brooklyn,Brooklyn,NY,11215,40.6696,-73.97926,351.0,3.4,66.4,25.9,2.0,420.0,424.0,414.0,74.7
Bedford Academy High School,Brooklyn,Brooklyn,NY,11216,40.68538,-73.95427,364.0,0.8,84.6,7.7,3.0,505.0,464.0,456.0,96.2
Brooklyn High School of the Arts,Brooklyn,Brooklyn,NY,11217,40.68365,-73.98047,870.0,2.0,70.3,22.5,1.7,439.0,441.0,436.0,80.6
Brooklyn Technical High School,Brooklyn,Brooklyn,NY,11217,40.688109999999995,-73.97675,5447.0,20.5,7.7,7.6,60.5,682.0,608.0,606.0,95.5
Brooklyn College Academy,Brooklyn,Brooklyn,NY,11218,40.6492,-73.97169,605.0,4.6,72.2,9.1,7.9,502.0,495.0,493.0,98.1
High School of Telecommunication Arts and Technology,Brooklyn,Brooklyn,NY,11220,40.63725,-74.02382,1329.0,16.3,7.7,56.7,18.0,475.0,440.0,445.0,81.6
EBC High School for Public Service in Bushwick,Brooklyn,Brooklyn,NY,11221,40.69448,-73.92915,514.0,0.2,8.0,90.7,0.4,389.0,374.0,378.0,50.0
Brooklyn High School for Law and Technology,Brooklyn,Brooklyn,NY,11221,40.68893,-73.92108,596.0,1.2,71.1,23.8,2.5,395.0,401.0,383.0,62.7
Brooklyn Academy of Global Finance,Brooklyn,Brooklyn,NY,11221,40.69154,-73.93373000000001,152.0,2.0,71.7,20.4,5.9,395.0,382.0,391.0,45.9
Bushwick Leaders High School for Academic Excellence,Brooklyn,Brooklyn,NY,11221,40.695,-73.92799000000001,317.0,0.3,16.7,81.4,0.9,393.0,368.0,382.0,46.8
Automotive High School,Brooklyn,Brooklyn,NY,11222,40.722640000000006,-73.95258000000001,383.0,2.9,55.9,38.1,1.6,367.0,381.0,328.0,31.6
Frances Perkins Academy,Brooklyn,Brooklyn,NY,11222,40.722640000000006,-73.95258000000001,142.0,2.1,62.7,32.4,0.7,399.0,413.0,400.0,46.3
John Dewey High School,Brooklyn,Brooklyn,NY,11223,40.589240000000004,-73.98175,2006.0,13.7,28.6,20.7,35.8,512.0,418.0,396.0,62.7
Rachel Carson High School for Coastal Studies,Brooklyn,Brooklyn,NY,11224,40.58212,-73.97289,560.0,43.6,22.5,22.3,10.2,436.0,430.0,421.0,68.4
Brooklyn School for Music and Theatre,Brooklyn,Brooklyn,NY,11225,40.6703,-73.96165,386.0,0.8,82.6,15.8,0.8,382.0,393.0,377.0,72.2
Brooklyn Academy of Science and the Environment,Brooklyn,Brooklyn,NY,11225,40.6703,-73.96165,453.0,1.3,80.1,12.6,5.3,419.0,411.0,416.0,58.5
Medgar Evers College Preparatory School,Brooklyn,Brooklyn,NY,11225,40.667159999999996,-73.95085999999999,1271.0,0.6,90.9,3.3,2.9,525.0,500.0,481.0,89.0
Clara Barton High School,Brooklyn,Brooklyn,NY,11225,40.67027,-73.96165,1499.0,0.9,89.5,5.7,1.8,408.0,424.0,407.0,55.0
International High School at Prospect Heights,Brooklyn,Brooklyn,NY,11225,40.6703,-73.96165,414.0,13.3,29.0,38.9,18.4,344.0,302.0,300.0,81.7
High School for Global Citizenship,Brooklyn,Brooklyn,NY,11225,40.6703,-73.96165,246.0,2.8,82.1,13.0,1.6,377.0,386.0,375.0,61.9
"Science, Technology, and Research Early College High School at Erasmus",Brooklyn,Brooklyn,NY,11226,40.649440000000006,-73.95843,516.0,0.9,87.1,6.4,4.0,496.0,491.0,484.0,91.5
Academy for College Preparation and Career Exploration (College Board),Brooklyn,Brooklyn,NY,11226,40.649440000000006,-73.95843,505.0,0.8,84.6,12.3,1.7,386.0,397.0,393.0,57.3
High School for Youth and Community Development at Erasmus,Brooklyn,Brooklyn,NY,11226,40.649440000000006,-73.95843,384.0,2.1,85.4,8.9,2.3,360.0,382.0,359.0,63.2
High School for Service and Learning at Erasmus,Brooklyn,Brooklyn,NY,11226,40.649440000000006,-73.95843,445.0,2.0,82.5,10.6,2.7,377.0,382.0,356.0,45.5
Academy of Hospitality and Tourism,Brooklyn,Brooklyn,NY,11226,40.649440000000006,-73.95843,285.0,1.1,84.6,10.2,3.5,374.0,385.0,375.0,62.0
James Madison High School,Brooklyn,Brooklyn,NY,11229,40.609759999999994,-73.94845,3088.0,44.3,17.4,16.7,21.2,492.0,450.0,444.0,69.0
Edward R. Murrow High School,Brooklyn,Brooklyn,NY,11230,40.6205,-73.95923,3968.0,26.7,22.6,21.7,26.6,500.0,479.0,472.0,75.2
Brooklyn Secondary School for Collaborative Studies,Brooklyn,Brooklyn,NY,11231,40.67986,-74.00148,685.0,9.3,38.5,45.3,5.8,401.0,411.0,404.0,84.1
Sunset Park High School,Brooklyn,Brooklyn,NY,11232,40.65595,-74.0055,1333.0,6.8,8.5,77.3,7.3,398.0,380.0,381.0,61.6
Brooklyn Collegiate (College Board),Brooklyn,Brooklyn,NY,11233,40.67414,-73.91349,353.0,0.3,87.5,9.6,1.4,394.0,395.0,399.0,64.4
Gotham Professional Arts Academy,Brooklyn,Brooklyn,NY,11233,40.68046,-73.9222,226.0,1.3,81.9,14.6,0.9,377.0,396.0,386.0,50.7
Leon M. Goldstein High School for the Sciences,Brooklyn,Brooklyn,NY,11235,40.58085,-73.93609000000001,1081.0,59.1,10.2,10.6,18.7,563.0,534.0,543.0,94.0
Abraham Lincoln High School,Brooklyn,Brooklyn,NY,11235,40.58231,-73.96746999999999,2341.0,20.1,39.8,23.7,15.1,441.0,422.0,422.0,54.9
William E. Grady Career and Technical Education High School,Brooklyn,Brooklyn,NY,11235,40.58255,-73.96372,613.0,6.4,68.7,18.1,5.4,416.0,423.0,387.0,31.4
Urban Action Academy,Brooklyn,Brooklyn,NY,11236,40.64184,-73.89869,309.0,4.2,79.0,12.3,2.9,362.0,396.0,393.0,44.9
Brooklyn Generation School,Brooklyn,Brooklyn,NY,11236,40.63263,-73.9178,286.0,1.4,85.0,8.7,1.7,392.0,406.0,403.0,50.0
High School for Medical Professions,Brooklyn,Brooklyn,NY,11236,40.64184,-73.89869,432.0,0.2,81.9,13.2,2.8,404.0,427.0,424.0,60.2
High School for Innovation in Advertising and Media,Brooklyn,Brooklyn,NY,11236,40.64184,-73.89869,303.0,2.6,85.8,9.6,1.3,390.0,410.0,397.0,59.1
Victory Collegiate High School,Brooklyn,Brooklyn,NY,11236,40.63263,-73.9178,331.0,1.2,88.8,6.3,0.9,386.0,408.0,402.0,72.7
Brooklyn Theatre Arts High School,Brooklyn,Brooklyn,NY,11236,40.63263,-73.9178,395.0,1.8,82.0,13.2,0.5,379.0,393.0,373.0,69.1
Academy for Conservation and the Environment,Brooklyn,Brooklyn,NY,11236,40.63263,-73.9178,308.0,1.3,86.0,9.7,1.6,381.0,397.0,390.0,50.8
All City Leadership Secondary School,Brooklyn,Brooklyn,NY,11237,40.69741,-73.91315,358.0,1.7,14.6,77.0,6.2,467.0,446.0,448.0,85.0
Bushwick School for Social Justice,Brooklyn,Brooklyn,NY,11237,40.69696,-73.91082,405.0,2.5,20.5,76.0,0.5,365.0,357.0,357.0,50.0
Academy for Environmental Leadership,Brooklyn,Brooklyn,NY,11237,40.69696,-73.91082,340.0,1.5,19.4,77.1,1.8,365.0,366.0,348.0,71.3
Academy of Urban Planning,Brooklyn,Brooklyn,NY,11237,40.69696,-73.91082,279.0,0.7,23.3,73.8,0.7,392.0,374.0,379.0,41.9
ACORN Community High School,Brooklyn,Brooklyn,NY,11238,40.678509999999996,-73.96207,504.0,1.6,83.5,12.9,1.0,379.0,395.0,385.0,61.3
Flushing High School,Queens,Flushing,NY,11354,40.765240000000006,-73.82786,2186.0,3.7,23.7,51.1,20.3,444.0,407.0,405.0,46.1
East-West School of International Studies,Queens,Flushing,NY,11355,40.7493,-73.82181,666.0,5.3,14.9,18.3,60.7,521.0,457.0,451.0,89.4
Flushing International High School,Queens,Flushing,NY,11355,40.76041,-73.81838,437.0,2.5,2.5,38.4,55.6,481.0,323.0,323.0,67.7
World Journalism Preparatory (College Board),Queens,Flushing,NY,11358,40.76512,-73.79006,610.0,50.3,9.1,22.7,15.8,484.0,491.0,487.0,89.2
Bayside High School,Queens,Bayside,NY,11361,40.77187,-73.78039,3336.0,18.1,13.0,27.9,40.3,523.0,479.0,485.0,76.7
Benjamin N. Cardozo High School,Queens,Oakland Gardens,NY,11364,40.752390000000005,-73.75608000000001,3505.0,14.9,20.3,19.4,44.1,563.0,505.0,510.0,75.6
Francis Lewis High School,Queens,Fresh Meadows,NY,11365,40.740559999999995,-73.79285,4172.0,14.9,7.4,23.1,53.9,562.0,483.0,485.0,80.7
Queens School of Inquiry,Queens,Fresh Meadows,NY,11366,40.72452,-73.80943,557.0,19.2,19.5,21.8,36.2,516.0,493.0,486.0,88.2
Robert F. Kennedy Community High School,Queens,Fresh Meadows,NY,11366,40.7256,-73.81071999999999,701.0,18.3,13.0,35.5,31.2,460.0,426.0,423.0,67.3
John Bowne High School,Queens,Flushing,NY,11367,40.7387,-73.82479000000001,3667.0,4.5,18.4,46.0,29.4,467.0,422.0,425.0,62.1
Townsend Harris High School,Queens,Flushing,NY,11367,40.73441,-73.82141999999999,1132.0,21.9,6.3,11.6,58.6,680.0,640.0,661.0,97.1
High School for Arts and Business,Queens,Corona,NY,11368,40.73742,-73.85331,870.0,4.1,7.8,77.2,10.2,413.0,405.0,393.0,76.7
Civic Leadership Academy,Queens,Elmhurst,NY,11373,40.7433,-73.87057,479.0,5.6,7.9,71.8,9.8,435.0,424.0,418.0,68.9
Maspeth High School,Queens,Elmhurst,NY,11373,40.72954,-73.88739,973.0,35.8,2.0,44.6,17.5,476.0,471.0,480.0,90.0
Pan American International High School,Queens,Elmhurst,NY,11373,40.7433,-73.87057,378.0,0.0,0.0,99.7,0.3,340.0,320.0,318.0,31.9
Newtown High School,Queens,Elmhurst,NY,11373,40.741209999999995,-73.87473,1921.0,4.3,8.3,61.4,24.0,434.0,401.0,389.0,39.1
Queens Metropolitan High School,Queens,Forest Hills,NY,11375,40.710440000000006,-73.85063000000001,1035.0,35.7,4.2,46.9,11.0,460.0,448.0,449.0,76.4
Grover Cleveland High School,Queens,Ridgewood,NY,11385,40.711220000000004,-73.90865,1828.0,18.9,4.5,65.7,9.7,452.0,422.0,416.0,38.9
Humanities and Arts Magnet High School,Queens,Cambria Heights,NY,11411,40.69554,-73.73491999999999,525.0,1.1,81.0,11.8,5.5,384.0,409.0,401.0,60.2
"Mathematics, Science Research, and Technology Magnet High School",Queens,Cambria Heights,NY,11411,40.69554,-73.73491999999999,433.0,1.6,72.3,11.8,9.9,380.0,418.0,388.0,54.9
Pathways College Preparatory School (College Board),Queens,Saint Albans,NY,11412,40.70639,-73.75353,599.0,1.3,89.7,5.7,2.8,405.0,427.0,409.0,72.4
Excelsior Preparatory High School,Queens,Springfield Gardens,NY,11413,40.66823,-73.75684,491.0,1.2,82.7,9.2,3.7,384.0,407.0,400.0,70.1
Preparatory Academy for Writers (College Board),Queens,Springfield Gardens,NY,11413,40.66823,-73.75684,552.0,2.4,81.0,8.4,4.2,398.0,410.0,393.0,69.5
Queens Preparatory Academy,Queens,Springfield Gardens,NY,11413,40.66823,-73.75684,492.0,1.0,80.7,9.1,4.3,423.0,422.0,403.0,83.7
George Washington Carver High School for the Sciences,Queens,Springfield Gardens,NY,11413,40.66823,-73.75684,509.0,1.8,75.6,11.4,9.4,439.0,428.0,419.0,63.5
"High School for Construction Trades, Engineering, and Architecture",Queens,Ozone Park,NY,11416,40.6894,-73.84064000000001,959.0,12.3,10.7,35.6,35.5,489.0,457.0,451.0,78.9
John Adams High School,Queens,Ozone Park,NY,11417,40.679829999999995,-73.83832,2634.0,2.9,23.9,37.9,31.0,418.0,401.0,395.0,38.4
Robert H. Goddard High School of Communication Arts and Technology,Queens,Ozone Park,NY,11417,40.67177,-73.84498,602.0,17.6,7.3,41.7,29.4,426.0,435.0,424.0,85.1
Richmond Hill High School,Queens,Richmond Hill,NY,11418,40.69565,-73.83358,2175.0,5.4,13.6,48.2,31.4,413.0,406.0,399.0,37.9
Cambria Heights Academy,Queens,Hollis,NY,11423,40.71182,-73.77119,372.0,2.2,79.0,9.1,6.7,418.0,424.0,411.0,58.5
"Queens High School of Teaching, Liberal Arts, and the Sciences",Queens,Bellerose,NY,11426,40.7449,-73.72691,1120.0,8.4,48.1,17.5,24.8,453.0,434.0,439.0,72.4
Martin Van Buren High School,Queens,Queens Village,NY,11427,40.732820000000004,-73.73965,1742.0,3.6,52.7,13.0,27.0,397.0,396.0,391.0,40.0
Queens Gateway to Health Sciences Secondary School,Queens,Jamaica,NY,11432,40.71881,-73.8065,779.0,2.9,38.2,14.2,43.3,524.0,511.0,514.0,92.5
Jamaica Gateway to the Sciences,Queens,Jamaica,NY,11432,40.71358,-73.79652,516.0,2.3,42.6,10.9,40.7,487.0,460.0,463.0,78.6
High School for Community Leadership,Queens,Jamaica,NY,11432,40.71358,-73.79652,418.0,4.5,42.3,26.6,22.7,415.0,392.0,386.0,72.3
Young Women's Leadership School in Queens,Queens,Jamaica,NY,11432,40.70821,-73.80408,557.0,1.9,47.5,19.7,26.9,415.0,420.0,433.0,90.4
Queens Collegiate (College Board),Queens,Jamaica,NY,11432,40.71358,-73.79652,661.0,4.1,53.4,16.1,24.8,455.0,439.0,441.0,74.8
Hillcrest High School,Queens,Jamaica,NY,11432,40.70876,-73.80213,3286.0,3.8,30.3,28.8,34.5,448.0,432.0,426.0,51.8
Thomas A. Edison Career and Technical Education High School,Queens,Jamaica,NY,11432,40.71588,-73.79881999999999,2098.0,4.2,20.9,22.4,49.0,514.0,473.0,470.0,80.0
Hillside Arts and Letters Academy,Queens,Jamaica,NY,11432,40.71358,-73.79652,464.0,3.0,37.7,24.4,27.8,409.0,399.0,404.0,62.6
York Early College Academy,Queens,Jamaica,NY,11433,40.696940000000005,-73.78698,611.0,1.2,58.0,10.3,28.7,496.0,481.0,473.0,92.9
Queens High School for the Sciences at York College,Queens,Jamaica,NY,11433,40.701,-73.79815,426.0,6.1,7.0,10.6,75.4,701.0,621.0,625.0,97.9
High School for Law Enforcement and Public Safety,Queens,Jamaica,NY,11434,40.68618,-73.78408,604.0,1.8,66.4,18.9,10.4,410.0,431.0,409.0,56.6
August Martin High School,Queens,Jamaica,NY,11434,40.67553,-73.78343000000001,679.0,1.5,75.4,13.0,7.5,366.0,372.0,364.0,26.3
Frederick Douglass Academy VI High School,Queens,Far Rockaway,NY,11691,40.60199,-73.76283000000001,409.0,0.7,59.7,37.9,1.5,410.0,418.0,407.0,30.1
Academy of Medical Technology (College Board),Queens,Far Rockaway,NY,11691,40.60199,-73.76283000000001,637.0,2.7,50.1,37.7,6.6,422.0,424.0,415.0,67.6
"Queens High School for Information, Research, and Technology",Queens,Far Rockaway,NY,11691,40.60199,-73.76283000000001,381.0,2.1,49.1,43.6,4.2,372.0,362.0,352.0,44.6
Rockaway Park High School for Environmental Sustainability,Queens,Rockaway Park,NY,11694,40.586009999999995,-73.82309000000001,368.0,14.7,46.7,30.2,3.5,357.0,381.0,376.0,38.5
Channel View School for Research,Queens,Rockaway Park,NY,11694,40.586009999999995,-73.82309000000001,683.0,10.7,53.2,29.1,6.0,427.0,430.0,423.0,76.6
Rockaway Collegiate High School,Queens,Rockaway Park,NY,11694,40.586009999999995,-73.82309000000001,397.0,3.8,52.6,33.5,5.0,399.0,403.0,405.0,46.5
Scholars' Academy,Queens,Rockaway Park,NY,11694,40.58413,-73.82568,1302.0,34.7,22.7,19.6,21.4,588.0,560.0,568.0,99.2
